/ /index.html 200
/platform /platform.html 200
/plans /plans.html 200
/partners /partners.html 200
/company /company.html 200
/blog /blog.html 200
/careers /careers.html 200
/contact /contact.html 200
/academy /academy.html 200
/docs /docs.html 200
/marketplace /marketplace.html 200
/updates /updates.html 200
/events /events.html 200
/start /start.html 200
